participant_id,gender,age,year in program,pap_1,mav_5,map_1,mav_1,pav_1,pap_2,map_2,mav_2,pav_2,pap_3,mav_6,map_3,mav_3,pav_3,pap_4,map_4,mav_7,mav_4,pav_4,engage_1,exh_1_RC,engage_2,engage_3,engage_4,exh_2_RC,exh_6_RC,exh_8,exh_3,engage_5_RC,exh_5,engage_6_RC,engage_7_RC,exh_7,engage_8_RC,exh_4_RC,sc_1_RC,sc_2,sc_3,sc_4_RC,sc_5,sc_6,sc_7,sc_8_RC,sc_9_RC,sc_10,sc_11_RC,sc_12_RC,auto_1,auto_2,auto_3,auto_4,compet_1,compet_2,compet_3,compet_4,relat_1,relat_2,relat_3,relat_4,exercise_mild,exercise_mod,exercise_str,auto,compet,engage,exercise,exh,map,mav,pap,pav,relat,sc
1,male,20-24,1,7,5,5,7,6,4,7,7,5,6,5,6,5,2,6,7,6,6,5,3,2,2,4,4,1,3,1,3,4,4,4,3,4,3,2,2,4,5,1,5,3,5,1,2,2,2,2,6,6,6,4,5,2,4,4,6,6,6,6,3,0,2,22,15,27,5,20,25,41,23,18,24,34
2,female,25-29,1,5,4,5,4,5,3,6,5,3,2,2,6,1,1,3,7,2,2,1,3,2,4,3,4,2,3,2,3,4,2,3,4,3,3,2,2,3,4,2,4,5,4,4,2,4,4,3,4,4,6,2,5,5,5,5,6,6,5,6,2,1,1,16,20,28,4,19,24,20,13,10,23,41
3,not listed,20-24,1,6,5,6,6,2,4,5,4,2,3,3,4,4,2,3,5,6,2,3,3,2,1,4,3,3,3,3,3,3,3,3,2,4,2,2,4,3,5,3,3,3,4,2,3,4,2,2,2,4,4,4,5,4,5,5,3,5,4,4,1,1,0,14,19,21,2,23,20,30,16,9,16,38
4,male,20-24,1,4,4,4,4,4,4,4,4,4,4,4,4,4,4,4,4,4,4,4,2,2,2,3,2,3,2,3,2,3,3,2,3,2,2,3,3,3,3,3,3,3,3,3,3,3,3,3,4,3,4,4,3,3,4,3,3,3,4,4,1,1,1,15,13,19,3,20,16,28,16,16,14,36
5,male,20-24,1,2,6,3,5,5,6,5,6,6,4,5,5,5,4,5,5,5,3,5,3,3,3,4,2,3,3,3,3,2,3,4,3,3,3,2,2,2,3,2,4,2,4,1,2,4,2,2,3,4,4,2,4,5,5,5,2,2,4,4,2,1,1,13,19,24,4,23,18,35,17,20,12,30
6,female,20-24,1,6,3,4,6,5,5,5,2,5,4,5,5,3,2,2,5,2,2,5,4,2,2,3,3,2,4,2,2,3,3,4,3,3,2,2,3,3,4,5,4,4,4,4,4,5,4,4,4,4,5,4,4,5,4,5,5,5,5,6,2,1,1,17,18,24,4,20,19,23,17,17,21,48
7,female,20-24,1,5,5,4,5,5,6,5,4,4,6,5,5,4,4,6,5,5,4,5,4,2,3,3,3,2,3,3,3,2,3,1,3,4,2,2,2,3,3,2,4,3,3,2,2,4,2,2,4,4,5,4,5,4,4,5,5,5,5,5,1,0,1,17,18,21,2,22,19,32,23,18,20,32
8,female,20-24,1,5,5,5,6,3,1,5,5,5,5,5,5,5,2,5,6,5,2,3,3,2,3,3,4,2,3,3,3,3,3,3,3,3,3,2,3,4,3,2,3,2,3,2,1,4,1,3,1,5,5,2,5,5,5,5,4,4,2,4,2,1,1,13,20,25,4,21,21,33,16,13,14,31
9,male,20-24,1,5,6,5,6,5,3,5,6,3,2,4,5,2,1,1,6,1,2,2,3,2,2,3,4,3,3,2,2,4,3,3,3,4,3,2,4,3,4,2,3,5,4,4,3,4,5,5,4,6,6,3,5,4,5,4,5,5,5,4,0,1,1,19,18,25,2,21,21,27,11,11,19,46
10,male,20-24,1,5,5,3,7,3,6,7,4,5,4,5,7,4,2,5,5,5,3,3,4,2,3,3,3,1,2,2,2,4,2,4,4,3,3,2,3,4,4,4,3,4,3,4,4,5,4,4,3,5,5,4,5,4,5,5,6,6,6,6,2,0,0,17,19,28,2,16,22,33,20,13,24,46
11,not listed,20-24,1,5,5,5,5,6,5,5,6,5,7,3,7,5,3,5,5,5,5,5,3,2,2,3,3,2,3,3,3,3,3,2,3,3,2,2,1,5,4,2,3,2,3,2,2,3,2,5,4,4,5,4,4,5,5,5,4,4,5,5,1,1,1,17,19,21,3,21,22,34,22,19,18,34
12,female,20-24,1,5,5,5,5,5,2,5,3,5,2,3,5,2,3,3,5,3,3,3,3,2,2,3,3,2,2,3,3,3,3,3,3,3,2,2,3,3,3,2,3,3,3,4,3,4,4,4,4,4,5,5,5,4,5,5,5,5,5,5,1,1,2,18,19,22,4,20,20,24,12,16,20,39
13,female,25-29,1,4,5,6,3,3,3,6,2,3,6,2,6,2,2,2,6,2,2,2,3,1,4,4,4,2,2,2,2,3,2,4,4,3,3,2,4,4,4,3,4,4,5,3,4,3,4,4,5,5,6,5,5,5,5,5,5,5,5,5,3,3,3,21,20,29,9,16,24,18,15,10,20,46
14,female,20-24,1,5,5,5,6,3,4,6,5,4,4,3,5,4,2,4,5,3,5,3,3,2,4,3,2,3,3,3,3,2,3,4,3,4,3,2,2,3,4,3,3,3,4,3,2,4,3,4,1,4,4,3,5,5,4,5,5,5,4,5,1,0,2,12,19,24,3,23,21,31,17,12,19,38
15,male,20-24,1,5,5,6,2,2,2,6,1,3,2,5,6,3,2,1,6,3,3,2,3,1,4,4,4,2,2,2,2,3,2,4,3,3,3,2,4,4,2,2,2,3,4,5,5,4,4,4,4,5,5,4,3,3,4,4,5,5,5,5,2,0,1,18,14,28,3,16,24,22,10,9,20,43
16,female,20-24,1,5,5,5,4,3,3,6,5,4,2,4,6,5,2,5,5,4,2,3,3,2,1,3,3,3,3,3,2,4,4,4,3,4,3,3,2,3,3,2,5,4,4,4,2,4,2,3,5,4,6,4,4,4,5,3,5,4,4,5,1,1,0,19,16,24,2,24,22,29,15,12,18,38
17,female,20-24,1,5,3,4,6,3,4,7,5,5,4,3,5,2,1,4,6,5,4,5,4,1,4,4,4,2,2,3,2,3,3,4,3,3,4,2,3,4,4,4,3,4,2,2,4,3,4,3,5,5,4,4,5,5,5,5,5,5,5,5,1,1,1,18,20,30,3,18,22,28,17,14,20,40
18,female,20-24,1,5,6,5,6,6,5,5,7,7,5,3,5,5,5,3,5,5,3,5,4,2,4,4,3,2,3,3,3,3,3,3,3,3,3,2,2,3,4,4,3,4,4,2,1,4,3,3,4,5,5,4,5,4,5,5,5,5,5,5,2,1,1,18,19,27,4,21,20,35,18,23,20,37
19,male,20-24,1,5,5,6,7,5,5,3,3,5,5,3,5,3,2,4,5,6,5,5,4,2,4,3,3,3,3,2,2,3,3,3,4,3,3,2,2,4,4,4,3,4,4,4,3,4,4,4,4,5,6,5,6,4,5,5,5,5,6,5,1,1,1,20,20,27,3,20,19,32,19,17,21,44
20,female,20-24,1,7,6,5,6,4,7,6,4,4,7,5,6,2,4,4,5,4,4,3,3,2,2,3,4,2,2,2,2,3,2,2,3,3,3,2,2,4,5,2,5,5,3,2,1,4,2,2,4,4,5,5,5,4,5,4,3,3,3,3,0,0,0,18,18,23,0,17,22,31,25,15,12,37
21,female,20-24,1,6,6,5,5,6,7,7,4,5,6,2,7,2,2,5,6,4,2,2,4,1,4,4,4,1,3,2,2,4,1,4,4,3,3,1,3,3,3,3,2,2,4,2,2,2,2,4,4,5,6,5,6,6,5,5,5,4,5,4,1,1,1,20,22,31,3,14,25,25,24,15,18,32
22,female,20-24,1,6,5,5,7,5,4,6,5,5,5,5,5,4,3,4,6,4,5,4,4,1,4,4,4,2,3,4,2,3,4,3,4,3,3,2,3,3,4,2,2,2,4,2,2,4,3,3,4,5,5,5,6,6,5,5,5,5,5,5,3,1,1,19,22,29,5,21,22,35,19,17,20,34
23,male,20-24,1,5,5,5,6,3,4,6,3,3,3,3,7,5,3,2,5,3,3,3,3,2,3,3,3,2,3,2,3,3,3,3,3,3,2,2,2,3,4,3,4,4,4,4,2,4,2,2,3,5,4,5,5,3,5,4,5,5,5,5,1,0,0,17,17,23,1,20,23,28,14,12,20,38
24,female,20-24,1,5,5,5,7,3,3,5,5,5,3,4,6,4,3,3,5,5,3,3,3,2,2,4,4,2,3,2,3,3,2,2,3,4,3,2,2,4,5,4,4,4,4,3,2,5,4,4,4,4,4,3,4,3,4,4,5,5,5,4,2,1,1,15,15,24,4,20,21,33,14,14,19,45
25,male,20-24,1,5,5,4,5,3,3,6,2,3,4,2,6,2,2,2,7,1,5,2,3,2,2,4,3,2,2,3,3,3,3,3,2,3,3,2,4,4,4,4,4,2,3,3,4,2,2,3,5,5,5,5,5,5,5,5,5,5,3,4,2,2,2,20,20,23,6,20,23,22,14,10,17,39
26,female,20-24,1,5,6,4,7,5,6,5,5,7,6,5,5,3,5,4,4,5,5,6,3,2,4,3,3,2,3,3,3,3,3,4,4,3,3,2,2,2,4,4,3,3,4,5,3,4,3,5,4,4,5,4,4,4,4,4,4,4,4,5,0,0,2,17,16,27,2,21,18,36,21,23,17,42
27,female,20-24,1,5,5,5,6,7,7,6,7,7,7,5,6,2,3,5,5,6,5,2,3,2,2,4,3,3,4,3,4,2,4,2,3,4,3,3,1,1,3,1,1,2,3,2,2,1,3,3,2,5,6,3,6,4,6,4,3,4,3,4,1,0,0,16,20,22,1,27,22,36,24,19,14,23
28,female,20-24,1,5,6,5,7,3,5,6,5,5,3,6,5,6,2,3,5,4,2,3,3,2,4,3,3,3,3,4,3,3,3,3,3,4,3,2,2,2,3,2,2,2,2,1,1,1,2,1,3,4,4,2,4,4,4,4,4,4,5,5,2,1,1,13,16,25,4,24,21,36,16,13,18,21
29,female,20-24,1,6,3,5,4,3,2,6,2,4,3,5,6,5,2,4,6,5,2,5,4,2,3,3,4,2,3,3,2,3,3,3,3,4,3,2,1,3,3,2,3,2,4,2,2,3,1,1,4,5,5,4,5,4,4,4,5,5,6,6,3,0,1,18,17,26,4,21,23,26,15,14,22,27
30,female,20-24,1,6,5,5,7,5,4,3,5,5,4,5,5,3,4,1,5,6,2,3,4,2,4,3,4,2,4,4,3,3,3,3,4,4,3,2,1,3,2,2,3,2,2,3,2,3,3,3,4,4,4,5,5,5,5,5,5,5,5,5,1,0,0,17,20,28,1,24,18,33,15,17,20,29
31,female,20-24,1,5,5,3,7,3,5,5,5,4,2,3,5,3,2,3,5,5,3,2,3,2,2,4,3,3,3,2,3,4,3,4,4,3,4,1,3,4,3,4,4,5,4,4,2,4,4,4,5,6,5,4,5,4,5,4,6,6,6,6,1,1,1,20,18,28,3,20,18,31,15,11,24,45
32,male,30-34,1,5,3,6,6,3,4,6,6,3,3,5,5,6,2,1,4,3,3,3,3,2,1,2,2,4,3,3,3,2,3,1,2,4,3,2,4,4,4,4,4,4,4,4,4,4,4,4,2,5,5,4,4,3,4,4,5,5,5,5,2,1,1,16,15,16,4,24,21,32,13,11,20,48
33,female,20-24,1,5,6,5,5,5,6,5,6,5,6,5,5,5,5,3,3,6,5,5,3,2,2,3,2,2,2,2,2,2,2,3,3,4,3,2,1,3,3,1,2,3,4,2,1,4,1,2,5,5,5,4,5,4,5,4,4,4,4,5,1,1,2,19,18,21,4,18,18,38,20,20,17,27
34,female,20-24,1,6,4,5,6,3,6,5,5,3,5,2,6,3,1,4,5,4,2,3,4,2,4,4,4,2,3,1,3,3,3,4,4,4,4,2,2,3,4,3,4,4,4,4,2,5,4,4,5,5,6,5,6,6,5,5,6,5,6,6,1,1,0,21,22,31,2,20,21,26,21,10,23,43
35,female,20-24,1,5,6,4,6,6,5,4,5,5,5,4,5,3,3,5,5,5,4,5,3,2,2,3,3,2,2,2,3,3,3,3,3,3,3,2,3,2,3,4,3,4,4,3,3,4,3,3,5,5,4,3,5,4,5,4,5,5,5,5,1,0,1,17,18,23,2,19,18,33,20,19,20,39
36,female,20-24,1,7,7,7,7,5,4,6,3,5,5,7,7,5,2,1,7,7,2,3,4,2,4,4,4,2,2,1,2,2,3,4,4,4,3,2,1,2,3,1,2,2,1,1,2,1,1,2,3,5,5,5,5,4,5,5,5,3,5,6,1,0,1,18,19,29,2,18,27,38,17,15,19,19
37,male,20-24,1,5,5,6,5,3,4,6,5,5,5,5,7,3,2,5,6,5,3,3,3,2,1,4,4,2,2,3,3,3,3,2,4,3,3,2,4,4,4,2,5,4,4,3,5,3,4,4,3,4,2,4,5,4,5,5,5,5,6,6,3,3,3,13,19,24,9,20,25,31,19,13,22,46
38,female,20-24,1,4,6,5,6,5,4,5,5,5,4,5,5,3,4,4,5,5,5,5,3,2,3,4,3,2,2,3,2,3,3,3,3,3,3,2,2,3,4,1,3,4,4,2,1,3,2,2,5,5,4,4,5,4,5,5,5,4,4,4,1,1,2,18,19,25,4,19,20,35,16,19,17,31
39,male,20-24,1,6,6,5,6,5,2,6,6,3,5,6,5,5,3,3,6,7,3,3,3,2,2,4,3,2,2,3,3,3,3,3,3,4,3,2,1,4,4,4,2,4,4,2,2,2,2,4,5,5,4,5,5,3,4,4,3,4,5,4,1,1,2,19,16,24,4,21,22,39,16,14,16,35
40,female,20-24,1,6,5,5,5,3,5,6,1,3,3,3,6,2,2,2,6,6,2,3,4,2,2,4,4,2,2,2,2,3,3,2,3,4,3,2,2,2,2,4,3,3,3,4,2,4,1,2,5,5,5,4,4,4,5,5,5,5,6,6,2,1,2,19,18,25,5,19,23,24,16,11,22,32
41,male,25-29,1,5,6,3,7,3,3,5,5,4,2,5,4,6,2,3,5,3,5,3,3,2,4,3,3,3,2,3,3,2,3,3,3,3,2,2,3,4,4,4,4,3,4,4,3,4,3,4,4,5,5,4,4,4,4,4,5,5,5,5,2,0,1,18,16,23,3,21,17,37,13,12,20,44
42,male,20-24,1,4,4,5,7,3,4,6,5,3,4,4,6,4,2,4,6,4,4,5,3,2,3,3,4,2,3,3,3,3,3,3,3,3,3,2,4,3,4,3,4,3,3,3,2,3,2,2,5,5,5,5,5,5,5,5,6,6,6,6,2,1,0,20,20,25,3,21,23,32,16,13,24,36
43,female,20-24,1,6,6,6,5,5,4,6,7,5,1,5,6,5,1,3,5,5,2,5,3,2,3,3,4,2,3,4,2,3,4,3,3,4,3,2,2,4,4,4,4,3,4,2,2,3,2,2,5,5,5,4,5,4,5,4,5,5,5,5,0,1,1,19,18,25,2,23,23,35,14,16,20,36
44,male,20-24,1,5,5,6,7,3,1,7,5,5,1,5,5,5,1,1,6,5,2,1,4,3,4,3,3,3,3,3,4,3,4,2,2,2,3,2,2,5,5,4,5,4,5,3,1,5,3,4,4,5,5,3,4,4,5,4,4,4,4,5,1,1,2,17,17,24,4,24,24,34,8,10,17,46
45,male,30-34,1,3,2,7,1,2,6,7,4,2,2,5,7,5,1,5,7,2,2,2,3,2,2,4,3,2,4,4,2,3,3,3,3,4,2,2,1,2,2,1,4,2,2,1,1,1,1,3,1,2,2,1,5,4,5,3,2,2,2,4,0,0,1,6,17,23,1,23,28,21,16,7,10,21
46,female,20-24,1,6,2,6,2,3,2,6,2,2,3,2,6,2,2,2,7,2,2,2,4,1,4,3,4,2,2,3,2,4,2,4,4,3,4,2,1,3,4,3,2,3,4,2,2,2,1,2,4,5,5,4,5,5,6,5,5,5,5,5,1,0,0,18,21,31,1,17,25,14,13,9,20,29
47,male,20-24,2,5,6,7,5,2,3,5,6,5,2,5,6,5,2,5,6,6,1,2,3,3,3,3,2,4,4,4,4,1,4,1,1,4,4,2,1,1,3,1,2,1,4,1,1,1,1,1,4,4,4,1,3,3,4,5,3,4,3,4,2,3,1,13,15,18,6,29,24,34,15,11,14,18
48,female,25-29,2,5,5,5,7,3,2,5,2,5,2,3,5,5,3,2,6,2,2,3,4,2,2,3,3,2,3,2,2,3,2,3,3,4,3,2,4,4,4,4,4,2,4,2,2,3,3,4,4,4,5,3,4,5,5,5,4,2,4,4,3,2,1,16,19,24,6,19,21,26,11,14,14,40
49,male,20-24,2,4,5,3,2,2,1,6,3,1,1,5,6,5,1,1,7,5,1,1,3,2,4,4,2,3,4,4,3,4,4,4,4,4,3,3,2,3,4,3,5,4,2,3,5,1,2,3,2,5,3,1,5,2,5,2,1,6,6,6,3,1,1,11,14,28,5,27,22,26,7,5,19,37
50,male,20-24,2,5,5,3,6,4,1,7,4,2,1,3,6,5,1,3,5,6,2,1,3,2,4,4,3,4,3,3,4,3,3,4,3,4,3,2,3,4,4,3,4,4,4,3,4,3,2,4,5,5,6,5,5,4,5,5,5,4,4,6,3,2,1,21,19,27,6,25,21,31,10,8,19,42
51,female,20-24,2,6,5,6,5,5,6,6,2,5,6,4,6,3,2,6,6,3,3,3,3,2,4,3,3,3,2,3,3,3,3,3,3,3,3,2,3,4,4,4,4,4,4,4,4,4,3,2,4,4,5,4,5,5,5,5,5,5,5,5,2,1,1,17,20,25,4,21,24,25,24,15,20,44
52,not listed,25-29,2,3,3,5,6,5,5,5,4,2,2,5,5,4,2,2,5,3,4,6,3,3,3,3,2,3,3,3,3,2,3,2,2,4,3,2,2,3,4,2,2,3,3,2,2,4,2,2,4,5,5,5,5,4,5,5,4,4,4,4,1,0,1,19,19,20,2,24,20,29,12,15,16,31
53,male,20-24,2,2,2,3,7,5,5,5,5,5,3,3,5,5,3,3,6,5,5,5,3,2,3,3,3,2,2,2,2,3,2,3,3,3,2,2,2,4,3,2,2,4,4,3,2,4,2,2,4,4,5,5,5,4,5,4,5,4,5,5,2,1,1,18,18,23,4,17,19,32,13,18,19,34
54,male,20-24,2,4,3,5,4,2,5,7,4,2,5,1,7,1,1,3,4,4,1,2,2,2,1,2,1,4,2,4,4,1,4,3,1,4,1,1,2,2,4,1,2,2,4,2,3,2,2,2,3,4,6,5,4,5,6,6,4,5,5,4,1,1,2,18,21,12,4,25,23,18,17,7,18,28
55,male,20-24,2,6,5,5,5,5,5,5,5,5,5,5,5,5,5,5,5,5,6,5,3,2,3,4,4,1,2,4,4,1,4,1,1,4,1,1,2,4,4,2,4,4,4,2,2,4,2,2,4,4,4,4,4,4,5,4,4,4,4,4,1,1,1,16,17,18,3,22,20,36,21,20,16,36
56,male,25-29,2,7,7,6,5,4,5,5,5,5,6,5,5,2,3,3,6,6,4,4,4,1,4,3,3,1,1,4,4,1,2,3,3,3,1,1,3,3,3,3,3,3,4,2,2,4,3,3,6,6,6,5,6,6,6,6,6,6,6,6,0,0,0,23,24,22,0,17,22,34,21,16,24,36
57,male,25-29,2,7,4,7,5,1,6,7,5,1,6,3,7,2,1,5,7,2,1,1,3,2,4,4,2,3,2,3,3,2,3,3,3,4,2,2,1,5,4,1,3,4,5,2,1,2,1,1,3,5,5,3,5,6,6,4,3,4,4,5,2,1,2,16,21,23,5,22,28,22,24,4,16,30
58,female,20-24,2,5,5,3,2,3,2,5,5,4,2,4,6,2,2,2,6,3,5,3,3,2,4,4,3,2,3,3,2,4,3,4,4,3,3,2,4,3,4,2,4,2,3,1,1,2,2,2,4,4,4,4,5,4,4,5,3,4,4,3,2,1,0,16,18,29,3,20,20,26,11,12,14,30
59,male,25-29,2,6,4,5,6,3,6,6,2,2,5,3,2,5,1,5,6,4,2,1,4,1,2,3,3,2,1,2,2,4,2,4,4,3,3,2,4,4,5,4,5,5,5,4,3,5,4,4,5,5,6,3,4,5,5,5,4,5,4,5,0,0,2,19,19,27,2,15,19,26,22,7,18,52
60,female,20-24,2,5,4,6,2,2,4,6,4,5,2,2,6,2,1,3,6,2,2,2,3,2,2,3,3,3,3,3,3,2,3,3,3,3,2,2,4,3,4,3,5,2,5,1,3,5,3,3,3,5,4,3,5,4,5,4,6,6,6,6,1,1,1,15,18,21,3,22,24,18,14,10,24,41
61,female,20-24,2,6,3,5,5,3,4,5,4,3,3,4,6,4,3,4,5,3,3,3,3,1,2,3,3,2,2,2,2,4,2,4,3,2,3,1,3,4,4,4,4,3,4,4,3,4,2,4,4,5,5,4,5,4,5,5,4,4,4,4,3,1,1,18,19,25,5,14,21,26,17,12,16,43
62,female,20-24,2,3,4,5,6,5,2,3,2,5,4,5,5,2,1,1,5,2,5,5,3,2,2,3,2,3,2,3,3,3,3,3,3,2,4,1,2,5,4,5,3,4,4,1,2,4,5,5,5,5,5,5,5,6,5,5,3,4,5,5,2,0,1,20,21,23,3,19,18,26,10,16,17,44
63,female,20-24,2,5,5,6,7,4,2,6,2,5,2,2,6,2,1,4,6,2,2,3,4,1,4,4,3,2,2,3,3,3,2,4,3,2,4,2,4,4,4,4,2,4,5,4,5,4,5,5,4,5,5,4,6,4,6,5,6,5,6,6,3,2,1,18,21,29,6,17,24,22,13,13,23,50
64,female,20-24,2,5,6,5,5,5,4,5,5,5,4,4,5,5,4,4,5,5,4,4,3,3,2,3,3,3,3,3,3,2,3,2,2,3,2,2,2,3,3,1,3,3,3,1,1,2,2,2,4,4,4,4,4,3,4,4,2,3,3,3,3,1,1,16,15,19,5,23,20,34,17,18,11,26
65,female,20-24,2,5,5,5,6,5,2,5,5,3,2,3,6,6,2,3,6,2,3,3,4,2,4,3,3,3,3,3,3,3,3,4,4,2,4,2,2,3,4,2,2,2,4,1,3,2,1,3,2,5,4,4,5,4,4,5,6,5,4,5,1,1,0,15,18,29,2,21,22,30,12,13,20,29
66,male,25-29,2,5,5,3,6,3,2,5,3,3,2,3,3,2,2,4,5,5,3,3,3,2,2,3,3,3,2,2,3,2,3,2,2,3,2,2,2,3,4,2,4,2,3,3,2,3,2,2,5,5,4,5,5,5,5,5,5,5,5,5,2,2,1,19,20,19,5,20,16,27,13,11,20,32
67,female,25-29,2,6,4,6,2,5,6,7,5,2,5,3,6,2,1,3,6,3,2,2,4,1,3,3,3,3,3,3,3,3,3,4,3,3,3,2,4,4,4,3,5,3,4,3,2,4,2,2,3,5,5,4,5,5,5,6,5,5,5,5,2,2,1,17,21,26,5,21,25,21,20,10,20,40
68,male,20-24,2,6,7,7,7,5,7,7,7,7,6,2,7,1,3,7,5,6,2,7,4,1,3,4,4,2,2,2,2,3,3,4,3,4,4,1,3,4,5,4,1,2,5,1,3,4,3,1,5,6,6,6,6,5,6,5,6,6,4,6,1,1,1,23,22,29,3,17,26,32,26,22,22,36
69,male,20-24,2,6,5,6,6,3,2,5,3,5,3,2,5,2,2,2,6,3,3,2,3,1,3,3,3,2,1,2,2,3,2,4,4,3,3,1,4,4,4,4,4,3,4,4,4,3,4,4,4,5,4,4,6,5,5,5,6,6,6,6,3,2,1,17,21,26,6,14,22,24,13,12,24,46
70,female,25-29,2,5,5,6,6,6,2,5,5,5,4,2,4,1,3,3,3,5,4,5,3,1,3,2,2,1,3,3,3,2,3,2,3,3,2,1,2,4,4,5,3,4,4,4,3,5,4,4,2,4,5,3,5,6,4,5,3,2,2,3,0,0,0,14,20,19,0,18,18,28,14,19,10,46
71,female,25-29,2,5,2,6,6,2,2,6,3,2,2,5,6,5,2,5,6,3,2,2,3,2,4,3,3,3,3,3,2,3,3,4,3,3,2,2,3,5,4,2,3,4,4,3,3,3,3,3,3,5,5,3,5,5,5,4,4,4,3,3,1,0,0,16,19,25,1,21,24,26,14,8,14,40
72,female,20-24,2,3,5,5,5,3,4,6,5,5,5,5,6,2,1,3,6,5,3,3,3,2,3,3,3,3,2,3,2,3,3,4,4,3,3,2,2,3,4,2,3,3,4,2,1,2,4,3,5,5,6,5,5,4,5,5,4,4,4,4,2,1,2,21,19,26,5,20,23,30,15,12,16,33
73,male,20-24,2,7,6,5,7,2,5,6,3,3,7,6,7,5,2,6,6,6,6,2,3,2,4,4,3,3,4,3,4,3,3,2,3,4,2,2,1,2,2,1,3,2,3,2,1,2,1,2,4,5,6,5,5,5,5,5,6,6,6,6,2,1,1,20,20,24,4,25,24,39,25,9,24,22
74,female,20-24,2,4,5,4,6,4,2,6,6,6,1,4,5,5,3,1,5,4,2,4,3,3,3,2,1,3,2,3,4,2,3,3,3,4,3,2,3,5,4,3,4,2,3,4,3,5,5,5,4,4,6,3,4,2,4,4,5,4,5,5,1,1,2,17,14,20,4,24,20,32,8,17,19,46
75,female,20-24,2,5,4,5,5,3,2,5,2,2,2,4,6,3,2,4,5,2,3,3,3,2,1,3,2,3,3,3,3,2,3,2,2,4,3,2,3,2,3,2,2,4,4,2,1,2,2,3,5,5,5,2,4,5,5,5,4,4,4,5,3,2,2,17,19,18,7,23,21,23,13,10,17,30
76,female,20-24,2,6,7,5,1,2,5,5,1,5,6,7,6,4,1,5,7,4,2,4,3,3,1,4,2,1,3,4,4,1,4,1,1,4,1,2,4,3,2,4,5,4,3,2,2,4,2,2,2,5,5,4,5,3,4,4,6,4,4,4,3,1,1,16,16,14,5,25,23,26,22,12,18,37
77,male,20-24,2,4,5,6,5,3,5,7,3,3,2,1,7,1,1,2,7,5,3,3,4,1,2,4,4,2,1,2,2,4,2,3,3,3,3,1,4,3,4,4,3,4,5,4,5,4,4,2,5,5,5,4,5,5,5,6,5,5,5,5,2,1,1,19,21,27,4,14,27,23,13,10,20,46
78,male,30-34,2,3,1,6,7,2,1,6,6,1,1,1,1,4,1,1,7,5,1,1,4,2,1,3,3,2,3,2,3,4,3,3,2,3,3,2,5,5,4,4,3,4,4,4,4,1,4,5,3,4,4,5,5,2,5,6,5,5,5,4,1,0,0,16,18,23,1,20,20,25,6,5,19,47
79,female,25-29,2,4,5,6,1,2,4,6,1,5,4,7,5,7,1,1,6,2,2,5,3,3,1,3,4,4,4,4,4,1,4,2,2,4,3,3,2,2,4,1,2,1,5,2,1,2,1,1,3,5,5,2,5,1,4,4,4,4,4,5,2,1,1,15,14,19,4,30,23,25,13,13,17,24
80,female,20-24,2,4,5,6,5,2,2,5,4,3,2,4,6,2,1,3,5,5,2,3,3,1,2,3,3,2,2,1,2,4,2,4,3,4,3,1,3,3,4,5,2,3,5,5,3,4,2,3,5,5,6,5,6,4,5,5,4,4,4,4,2,1,1,21,20,25,4,15,22,27,11,9,16,42
81,male,20-24,2,5,5,4,6,5,2,5,6,4,2,3,5,3,4,2,5,6,5,5,2,2,4,3,2,3,4,4,4,2,3,3,3,4,2,2,5,4,4,5,5,3,4,5,5,4,5,5,4,4,5,5,5,4,5,5,6,6,6,6,2,1,0,18,19,21,3,26,19,34,11,18,24,54
82,female,20-24,2,5,6,3,3,5,3,4,3,5,5,6,3,3,4,5,5,5,2,2,3,2,4,3,3,3,2,4,3,3,3,2,2,3,1,2,4,3,4,3,3,2,2,2,4,2,3,4,4,2,3,4,4,5,4,4,3,3,3,4,1,1,1,13,17,21,3,22,15,28,18,16,13,36
83,male,20-24,2,5,6,3,5,5,5,5,6,5,3,5,5,2,3,3,5,5,3,5,3,2,3,3,3,2,2,2,2,4,2,3,4,2,3,2,3,4,4,4,4,4,4,4,4,4,4,3,4,4,5,4,5,5,5,6,5,5,5,6,2,0,0,17,21,26,2,16,18,32,16,18,21,46
84,female,25-29,2,3,5,5,3,2,3,5,6,2,2,4,5,2,1,3,6,2,4,2,4,1,3,4,4,2,2,3,2,3,3,4,4,2,4,2,3,4,4,5,4,5,4,5,4,5,5,5,4,5,6,4,6,5,5,5,5,5,5,6,0,1,1,19,21,30,2,17,21,26,11,7,21,53
85,female,20-24,2,6,6,4,7,3,7,6,6,5,5,7,5,5,2,2,5,5,3,2,3,2,3,3,3,3,4,3,3,3,4,3,2,4,3,2,4,5,4,4,4,4,4,3,3,4,2,4,4,5,5,4,5,4,4,4,4,4,3,4,3,1,1,18,17,23,5,25,20,39,20,12,15,45
86,female,20-24,2,4,2,7,6,2,2,7,5,1,2,2,6,2,1,1,7,2,1,1,4,1,4,4,3,2,2,2,2,3,2,3,4,2,3,1,4,4,5,3,3,4,3,4,3,3,4,5,3,5,5,3,5,5,5,5,5,5,4,5,2,1,1,16,20,28,4,14,27,20,9,5,19,45
87,female,20-24,2,6,5,4,2,6,3,6,6,3,7,5,5,4,2,2,5,5,3,7,3,2,2,3,3,2,3,3,3,3,2,3,3,4,2,2,1,2,3,1,3,1,2,1,1,2,1,1,1,5,5,1,5,4,5,4,4,4,3,5,1,1,0,12,18,22,2,21,20,30,18,18,16,19
88,male,30-34,2,3,5,3,7,5,2,6,5,2,1,5,2,3,2,1,3,3,2,1,3,3,2,3,2,3,2,3,3,3,3,4,2,3,3,2,1,2,2,2,4,2,2,2,2,3,2,4,5,4,6,6,4,4,5,5,4,4,5,5,3,1,0,21,18,22,4,22,14,30,7,10,18,28
89,male,20-24,2,5,4,5,5,6,5,5,3,5,2,4,6,2,2,2,5,4,4,4,3,2,3,3,3,2,3,3,3,3,3,2,3,3,2,2,4,3,4,4,2,4,2,3,4,2,4,4,5,5,5,5,5,5,5,4,5,5,5,5,0,2,0,20,19,22,2,21,21,26,14,17,20,40
90,female,20-24,2,1,5,5,7,5,1,7,6,5,2,4,6,4,1,1,6,2,3,4,4,2,3,3,3,3,3,3,4,3,3,4,3,4,2,2,4,3,4,1,5,2,4,2,2,5,2,3,5,5,5,5,4,4,3,5,4,3,5,5,0,1,1,20,16,25,2,24,24,31,5,15,17,37
91,not listed,missing,2,5,5,6,4,5,2,6,5,6,1,5,5,5,5,3,6,2,5,5,3,3,3,3,4,3,3,3,3,2,3,3,3,4,2,2,2,3,5,4,4,4,5,4,4,5,3,3,4,4,5,2,4,4,5,5,2,3,5,5,1,0,1,15,18,23,2,24,23,31,11,21,15,46
92,female,25-29,2,6,3,5,7,6,5,6,6,5,4,6,5,6,5,6,6,6,4,6,3,2,4,3,4,2,3,3,3,3,3,3,4,4,3,2,2,3,4,4,4,4,4,2,2,4,4,3,4,4,4,4,4,4,4,5,4,4,3,5,2,1,0,16,17,27,3,22,22,38,21,22,16,40
93,female,20-24,2,4,5,6,7,5,2,5,5,4,3,3,5,3,2,2,7,3,2,2,3,2,4,3,2,3,3,2,3,3,3,3,4,3,2,2,3,4,4,2,4,2,5,1,1,3,2,4,3,5,4,3,5,4,5,5,5,5,5,5,2,0,2,15,19,24,4,21,23,28,11,13,20,35
94,female,20-24,2,6,7,7,7,1,3,7,3,2,5,7,7,7,1,7,7,7,1,2,3,3,4,4,4,3,4,4,4,1,4,1,1,4,3,3,3,5,4,1,4,2,3,4,2,2,2,2,1,3,5,1,3,3,3,4,5,5,5,5,2,1,1,10,13,21,4,29,28,39,21,6,20,34
95,female,20-24,2,5,6,5,7,4,6,7,7,5,3,7,6,6,3,4,7,5,3,5,4,2,4,4,4,2,4,3,3,3,3,2,3,4,3,2,1,2,3,1,4,3,3,2,3,4,2,2,4,4,3,4,5,3,4,5,6,5,5,5,3,0,1,15,17,27,4,23,25,41,18,17,21,30
96,female,20-24,2,6,6,5,7,4,5,5,6,4,5,5,4,4,3,5,5,6,4,5,3,3,2,3,2,3,3,4,4,2,3,2,3,4,2,2,2,3,4,1,3,2,4,2,2,3,2,3,4,4,4,3,4,3,4,4,3,3,4,4,1,1,0,15,15,19,2,26,19,38,21,16,14,31
97,male,20-24,2,5,5,6,6,3,4,6,6,3,4,2,5,2,2,3,5,5,3,3,3,2,2,4,4,2,4,3,3,3,3,2,2,3,2,2,4,4,4,5,4,2,4,4,4,2,4,5,2,5,5,1,5,5,5,5,4,4,5,5,1,1,0,13,20,22,2,22,22,29,16,11,18,46
98,female,35-39,2,5,2,6,6,4,2,6,2,3,5,5,4,5,1,2,5,2,3,3,4,2,3,4,3,3,4,3,4,2,4,3,3,3,3,2,3,4,4,2,4,3,4,2,2,2,1,2,5,6,5,5,5,5,5,5,2,2,4,5,1,0,0,21,20,25,1,25,21,25,14,11,13,33
99,male,20-24,2,5,2,7,4,1,3,7,5,2,3,1,6,2,1,6,7,2,2,2,3,1,4,3,3,2,3,2,3,3,3,4,2,2,3,1,4,4,5,4,5,2,5,2,2,5,1,2,2,4,5,4,5,3,4,5,3,4,5,4,2,2,2,15,17,25,6,17,27,18,17,6,16,41
100,male,20-24,2,4,6,5,6,5,3,5,5,6,5,5,4,3,3,2,4,6,4,5,3,2,3,3,2,3,2,2,2,2,2,3,3,3,2,2,4,3,4,4,4,2,5,2,3,4,4,4,3,5,4,2,5,4,5,5,6,6,6,6,3,1,0,14,19,21,4,18,18,35,14,19,24,43
101,female,25-29,2,6,5,6,7,5,1,5,5,5,4,5,6,5,4,4,5,5,3,5,3,2,3,3,2,2,4,4,3,2,3,2,2,3,3,2,3,4,3,2,4,4,4,2,2,4,3,2,2,4,2,2,4,5,5,5,4,4,4,5,2,2,1,10,19,20,5,23,22,35,15,19,17,37
102,not listed,missing,2,6,5,6,7,5,1,5,5,5,4,5,6,5,4,4,5,5,3,5,3,2,3,3,2,2,4,4,3,2,3,2,2,3,3,2,3,4,3,2,4,4,4,2,2,4,3,2,2,4,2,2,4,5,5,5,4,4,4,5,2,2,1,10,19,20,5,23,22,35,15,19,17,37
103,female,25-29,2,3,3,6,4,3,1,6,5,5,2,3,6,4,2,4,5,3,2,2,3,2,3,3,3,2,2,3,3,3,3,4,3,4,3,2,2,3,4,4,3,4,3,4,4,5,3,3,3,4,4,5,5,5,5,4,4,4,3,4,0,0,1,16,19,25,1,21,23,24,10,12,15,42
104,male,20-24,2,5,2,6,5,3,5,7,5,3,5,2,6,1,2,4,7,2,2,3,3,2,3,4,2,2,2,2,3,3,3,4,3,3,2,2,3,4,4,4,5,3,4,3,3,5,4,4,4,5,6,5,5,5,5,5,4,4,5,5,1,0,1,20,20,24,2,19,26,19,19,11,18,46
105,female,20-24,2,6,5,5,6,4,6,5,5,6,5,5,4,4,2,4,5,6,4,4,3,2,3,3,3,3,2,2,2,2,2,3,3,3,3,2,2,4,4,5,3,3,4,4,2,3,2,4,4,4,5,4,5,4,4,4,4,5,5,6,3,1,1,17,17,23,5,18,19,35,21,16,20,40
106,not listed,missing,2,5,5,4,6,4,1,6,5,2,1,6,7,4,1,2,6,2,2,1,3,3,4,3,3,3,4,4,4,1,4,2,2,4,2,3,3,4,2,1,4,1,3,1,2,2,2,1,2,4,2,2,5,4,5,5,2,2,5,5,1,1,0,10,19,20,2,29,23,30,9,8,14,26
107,male,25-29,3,5,6,5,7,5,6,5,5,6,6,5,6,3,2,6,6,5,5,5,3,2,3,4,4,2,2,4,2,2,4,3,3,3,3,2,2,3,2,2,3,2,3,2,2,2,2,3,4,5,5,4,5,4,5,5,5,4,5,4,3,0,1,18,19,25,4,21,22,36,23,18,18,28
108,female,20-24,3,6,5,5,5,4,5,5,5,3,5,3,6,5,3,5,6,5,4,4,4,2,4,3,3,3,2,3,4,2,3,2,3,4,2,2,3,3,3,2,4,2,3,4,1,3,3,3,4,5,4,4,4,5,5,5,3,3,2,2,2,1,0,17,19,23,3,23,22,32,21,14,10,34
109,male,25-29,3,5,7,5,7,3,5,5,5,3,1,5,6,5,3,1,5,6,2,2,3,3,4,4,4,1,4,4,2,3,4,3,4,3,3,2,2,2,5,3,4,3,3,2,2,4,2,2,5,5,6,3,5,4,4,5,3,3,2,2,0,0,0,19,18,28,0,23,21,37,12,11,10,34
110,female,25-29,3,7,5,5,5,3,6,6,6,5,6,5,6,3,2,5,6,5,3,3,3,2,2,3,3,3,2,2,3,3,2,3,2,3,3,2,2,2,3,2,3,2,4,2,2,4,2,3,5,5,5,4,5,4,5,5,4,4,5,4,3,2,1,19,19,22,6,19,23,32,24,13,17,31
111,female,20-24,3,5,5,6,6,3,2,6,3,2,2,2,7,2,2,3,5,3,3,3,3,2,3,3,2,2,3,3,3,2,2,3,2,3,2,2,2,3,4,2,3,3,3,3,3,3,2,2,4,4,4,4,4,4,4,4,6,5,5,5,0,1,1,16,16,20,2,20,24,24,12,10,21,33
112,male,20-24,3,5,7,5,6,5,6,6,6,5,5,7,6,5,3,6,6,6,3,5,4,2,2,3,3,2,2,4,4,3,4,3,3,4,1,2,2,4,5,3,4,2,5,2,2,5,2,3,4,5,5,4,5,4,5,4,6,6,6,6,1,1,0,18,18,22,2,24,23,40,22,18,24,39
113,male,25-29,3,5,6,5,5,4,3,6,6,5,2,5,5,5,2,3,5,5,2,3,3,2,3,3,2,3,4,3,2,3,2,4,3,4,2,3,4,3,4,4,3,4,5,3,3,4,3,3,5,6,6,5,4,4,5,5,6,6,6,6,1,1,0,22,18,23,2,23,21,34,13,14,24,43
114,male,20-24,3,5,5,4,5,5,7,6,4,2,6,2,7,1,1,6,5,5,3,4,3,1,2,3,2,2,2,4,2,4,3,3,4,4,3,2,3,4,5,4,5,4,5,3,3,3,3,4,3,3,5,4,6,4,4,4,6,5,6,6,0,0,2,15,18,24,2,20,22,25,24,12,23,46
115,female,25-29,3,4,5,5,6,4,5,6,1,2,5,3,5,2,1,3,7,2,2,2,3,2,2,3,3,2,3,2,2,3,3,3,3,3,3,2,3,3,5,3,2,2,5,2,2,2,2,2,4,5,5,5,6,4,5,5,4,4,4,4,2,1,1,19,20,23,4,19,23,21,17,9,16,33
116,female,20-24,3,5,6,6,3,4,3,6,6,4,4,3,6,2,1,6,6,4,2,2,4,1,3,4,4,1,2,2,3,4,3,4,4,4,3,1,2,4,4,3,4,3,3,2,1,4,2,4,5,5,6,4,6,5,6,5,2,2,2,5,0,0,2,20,22,30,2,17,24,26,18,11,11,36
117,female,20-24,3,5,6,5,7,2,2,7,6,2,4,4,6,3,3,1,7,5,2,2,3,2,1,3,2,3,3,3,3,2,3,2,2,3,2,2,3,4,4,4,4,4,4,4,4,4,4,4,5,4,4,2,3,4,4,4,5,5,6,5,3,2,1,15,15,17,6,22,25,33,12,9,21,47
118,male,20-24,3,6,4,6,7,3,4,5,7,6,5,4,6,1,3,4,6,7,2,4,4,2,4,3,3,2,4,2,3,2,3,3,2,4,3,3,3,2,3,3,2,2,5,2,2,1,2,2,4,4,5,3,4,4,4,5,6,6,6,6,0,0,0,16,17,24,0,23,23,32,19,16,24,29
119,female,30-34,3,6,6,5,7,5,1,7,7,7,2,4,5,5,2,6,2,5,1,2,3,2,3,3,2,2,4,4,4,2,3,3,3,4,2,2,3,3,4,4,4,3,5,2,4,3,4,5,2,4,4,2,4,3,4,4,4,4,4,4,1,0,1,12,15,21,2,25,19,35,15,16,16,44
120,female,20-24,3,7,5,5,7,5,3,6,6,7,3,3,6,2,4,7,5,6,4,5,4,2,3,4,3,1,3,4,3,3,3,3,3,4,3,2,1,3,4,2,4,2,4,1,1,3,1,3,5,5,5,3,5,4,5,5,4,3,4,4,2,1,1,18,19,26,4,22,22,33,20,21,15,29
121,female,20-24,3,6,4,5,7,2,2,6,5,2,1,4,4,7,1,1,5,2,2,1,3,2,1,2,2,4,2,4,4,2,4,2,2,4,2,3,1,1,3,1,2,3,3,2,3,1,1,1,3,5,5,4,4,2,4,3,4,4,4,5,0,1,1,17,13,16,2,27,20,31,10,6,17,22
122,male,25-29,3,5,5,5,6,3,6,7,4,3,5,5,5,3,2,4,7,3,3,2,3,2,3,3,3,3,2,3,2,3,2,2,3,2,3,2,4,3,4,2,4,3,4,2,3,4,3,3,4,5,4,4,5,2,4,3,4,4,5,5,1,1,1,17,14,23,3,18,24,29,20,10,18,39
123,female,25-29,3,6,5,6,7,4,5,6,6,5,5,4,6,2,2,4,5,5,2,2,4,1,3,3,3,2,2,2,2,3,2,4,3,3,2,1,4,2,4,3,3,3,4,2,1,3,3,3,4,4,4,4,4,5,5,5,5,4,4,5,0,0,2,16,19,25,2,15,23,31,20,13,18,35
124,female,20-24,3,4,5,5,4,5,5,5,4,3,4,5,4,4,5,5,5,4,4,5,3,2,4,4,3,2,2,3,3,3,2,3,3,3,2,2,3,3,3,3,4,4,4,3,4,3,3,3,3,3,3,3,4,2,2,4,5,3,4,4,3,0,2,12,12,25,5,19,19,30,18,18,16,40
125,male,20-24,3,6,7,4,7,5,1,3,4,4,2,2,5,6,2,5,5,7,4,4,3,3,2,3,3,4,4,4,4,1,4,1,1,4,1,4,2,2,4,2,3,2,4,2,2,3,2,4,5,5,6,5,6,3,4,4,5,5,6,6,1,0,0,21,17,15,1,31,17,37,14,15,22,32
126,female,20-24,3,7,4,5,6,5,7,5,5,5,6,3,5,2,4,5,5,5,3,5,3,1,3,3,2,3,2,2,2,2,2,3,2,3,3,1,2,4,4,4,4,3,4,3,5,4,2,4,4,4,4,4,4,5,4,5,1,5,5,5,1,1,2,16,18,21,4,16,20,28,25,19,16,43
127,female,20-24,3,4,3,6,6,3,3,7,5,3,1,5,7,4,1,3,6,5,2,2,3,3,3,3,3,2,3,4,4,2,4,2,3,4,2,3,2,4,4,4,4,3,4,2,3,4,3,4,3,4,4,2,4,4,4,4,6,6,6,6,1,1,1,13,16,21,3,27,26,30,11,9,24,41
128,female,20-24,3,6,3,5,6,3,3,7,4,4,3,3,5,2,3,5,5,5,3,2,3,2,2,3,3,2,2,3,3,3,3,3,3,4,3,2,3,4,4,4,4,4,4,4,2,3,4,4,5,5,5,5,5,5,5,5,5,5,4,4,1,1,1,20,20,23,3,21,22,26,17,12,18,44
129,male,25-29,3,4,6,5,7,5,4,5,7,5,4,2,5,1,3,3,6,5,3,2,3,2,2,3,2,2,3,4,3,2,3,3,3,4,2,2,3,5,4,2,4,2,5,2,2,5,3,4,4,5,5,4,5,4,5,5,6,5,5,5,1,1,0,18,19,20,2,23,21,31,15,15,21,41
130,male,25-29,3,3,5,6,6,5,2,6,5,3,2,7,5,7,5,2,6,5,6,5,2,3,1,3,1,4,4,4,4,1,4,3,2,4,3,2,2,4,5,2,3,3,4,1,2,2,2,4,5,4,5,2,4,1,4,3,2,3,4,4,1,0,0,16,12,16,1,29,23,41,9,18,13,34
131,male,20-24,3,4,6,5,6,3,4,7,6,4,3,2,5,2,2,2,5,5,2,3,4,2,3,4,4,3,4,4,3,3,3,3,3,4,3,2,2,3,4,3,4,3,4,3,3,4,3,3,3,3,5,3,4,3,4,4,4,4,4,4,3,2,1,14,15,27,6,25,22,29,13,12,16,39
132,male,25-29,3,6,5,6,7,4,5,6,5,3,4,5,5,3,2,5,5,3,5,4,3,2,2,3,2,2,2,4,3,2,4,3,3,3,3,2,2,4,4,2,4,5,5,4,1,4,4,4,5,4,6,4,5,4,4,4,6,4,5,5,2,1,1,19,17,21,4,22,22,33,20,13,20,43
133,female,20-24,3,5,5,5,5,5,5,5,5,5,5,4,6,4,3,2,6,5,5,5,4,1,4,4,4,2,3,2,2,3,3,3,3,3,3,2,3,3,3,4,4,3,3,4,3,4,4,3,4,5,5,5,5,5,5,5,5,5,4,4,1,1,1,19,20,28,3,18,22,33,17,18,18,41
134,female,25-29,3,5,5,6,5,4,4,6,5,4,4,5,7,5,4,1,7,4,4,3,4,2,2,4,4,1,2,2,2,2,3,2,3,2,3,2,4,4,4,4,5,3,4,4,2,5,3,2,5,5,5,5,5,5,5,5,4,4,4,4,1,1,3,20,20,24,5,16,26,33,14,15,16,44
135,female,20-24,3,6,5,6,7,3,4,6,3,3,3,3,6,3,2,6,6,3,2,2,3,2,4,3,3,3,2,3,3,2,3,4,3,4,3,1,2,4,4,4,4,3,5,2,4,4,4,4,4,5,5,3,5,4,5,5,5,5,5,5,2,1,1,17,19,25,4,21,24,26,19,10,20,44
136,female,25-29,3,4,3,7,3,2,2,7,3,2,2,5,7,3,1,2,7,2,2,2,4,1,2,4,4,1,1,1,2,4,2,4,4,3,3,1,5,5,4,5,5,5,3,5,5,5,4,4,6,6,6,5,6,5,6,6,6,6,6,6,1,1,2,23,23,29,4,12,28,21,10,7,24,55
137,not listed,missing,3,2,2,7,3,2,2,7,2,2,2,3,7,2,1,1,7,2,1,1,4,1,3,4,4,1,2,2,2,4,2,4,3,3,3,1,5,4,5,5,5,4,4,5,5,5,4,5,6,6,6,5,6,5,5,5,6,6,6,6,1,1,2,23,21,29,4,14,28,15,7,6,24,56
138,male,20-24,3,6,3,5,5,5,7,5,7,5,5,4,5,2,1,5,4,3,2,4,3,2,4,3,3,2,3,2,2,4,3,4,3,3,4,2,3,5,5,3,4,3,4,3,5,4,4,3,4,4,5,5,5,4,4,5,6,6,6,6,1,0,0,18,18,28,1,19,19,26,23,15,24,46
139,male,25-29,3,6,6,5,7,5,7,5,7,6,7,6,3,5,4,3,3,5,5,5,3,2,3,3,2,3,3,3,3,2,4,3,3,4,2,3,3,3,4,2,5,3,4,3,2,4,2,1,4,4,4,4,4,4,5,5,5,5,5,5,1,0,0,16,18,21,1,25,16,41,23,20,20,36
140,female,20-24,3,5,6,6,5,3,5,6,6,2,2,2,6,1,1,1,6,5,2,2,4,1,2,4,3,2,1,2,1,4,1,4,3,3,3,2,3,4,4,5,5,5,4,2,3,4,5,5,5,6,6,6,5,5,5,5,6,6,5,5,1,0,0,23,20,27,1,13,24,27,13,8,22,49
141,female,20-24,3,5,5,4,7,3,5,6,7,6,7,5,6,3,1,3,6,7,2,1,3,2,2,3,2,4,3,4,4,1,4,3,1,4,1,2,2,2,2,2,5,2,3,2,1,5,3,2,3,5,5,2,3,1,4,4,4,5,4,4,2,1,1,15,12,16,4,27,22,36,20,11,17,31
142,female,20-24,3,6,7,5,7,6,5,6,6,6,5,5,7,6,2,6,4,5,5,5,3,2,2,3,3,2,3,3,2,2,3,3,3,2,3,2,4,4,4,3,4,4,4,3,2,5,2,3,5,5,5,4,4,4,4,4,5,5,4,5,2,1,0,19,16,22,3,19,22,41,22,19,19,42
143,female,20-24,3,6,5,3,5,5,3,5,5,6,3,6,5,6,5,5,5,5,5,5,3,3,2,3,2,3,4,4,4,2,3,2,3,3,3,2,2,4,4,2,4,3,3,2,2,3,3,3,3,4,4,3,3,2,3,3,3,3,3,4,1,0,0,14,11,20,1,26,18,37,17,21,13,35
144,male,25-29,3,6,3,2,7,5,3,6,5,5,5,5,7,5,2,3,4,2,5,4,3,2,2,3,3,2,2,2,2,2,2,3,3,2,2,2,2,3,2,3,2,2,4,2,2,3,2,3,6,5,6,4,5,4,4,5,3,3,3,3,1,1,1,21,18,21,3,16,19,32,17,16,12,30
145,female,20-24,3,4,6,5,6,5,1,7,1,5,1,2,6,2,3,1,6,7,2,5,4,2,4,4,4,3,3,4,3,4,3,3,3,3,2,2,3,4,2,2,3,1,2,2,4,1,1,2,2,2,4,4,5,5,5,6,6,5,3,4,0,0,0,12,21,28,0,23,24,26,7,18,18,27
146,male,20-24,3,6,5,5,5,2,6,5,5,5,6,3,5,2,2,3,3,2,3,3,3,2,2,3,3,3,3,3,2,3,3,4,3,3,2,2,2,3,3,4,3,4,3,3,3,3,3,4,4,4,5,3,5,4,4,4,6,4,5,5,0,0,1,16,17,23,1,21,18,25,21,12,20,38
147,male,20-24,3,6,6,3,6,5,1,4,2,5,3,7,3,7,3,4,5,6,5,6,3,3,4,3,3,4,4,4,4,1,4,1,2,4,4,4,1,4,3,1,2,2,5,1,1,4,1,3,5,6,4,6,4,1,5,3,6,6,6,6,1,0,1,21,13,21,2,31,15,39,14,19,24,28
148,not listed,missing,3,5,5,6,5,5,2,6,3,5,5,3,5,4,2,5,5,5,4,5,3,2,1,3,2,3,3,3,3,2,3,3,2,3,2,2,3,3,3,2,4,2,3,3,2,4,4,4,4,5,5,3,4,3,4,4,4,4,3,4,1,0,0,17,15,18,1,22,22,29,17,17,15,37
149,female,25-29,4,6,5,5,6,5,3,6,5,5,5,7,5,5,3,3,5,6,3,3,4,3,3,3,2,2,2,3,4,2,4,2,2,4,2,2,2,1,2,2,2,2,4,1,1,1,2,2,4,4,4,4,4,4,4,4,4,4,4,4,1,1,1,16,16,20,3,24,21,37,17,16,16,22
150,female,20-24,4,5,7,5,5,7,5,3,3,5,2,5,5,4,3,2,5,5,3,5,3,2,2,3,2,2,2,4,3,2,3,2,2,4,3,2,2,4,4,4,3,3,3,2,2,3,4,4,5,5,5,4,5,4,5,5,6,5,5,6,1,0,0,19,19,19,1,22,18,32,14,20,22,38
151,female,25-29,4,5,7,5,6,4,5,6,5,5,4,5,5,5,3,5,6,5,3,3,3,2,4,3,3,3,2,3,3,2,2,3,3,3,3,2,1,4,4,4,5,3,4,3,2,4,2,2,5,4,4,5,5,4,5,4,4,4,4,4,1,1,1,18,18,24,3,20,22,36,19,15,16,38
152,female,missing,4,4,5,3,7,4,3,5,5,3,2,2,4,3,3,2,4,5,5,3,3,2,3,3,3,2,2,2,2,3,2,4,3,3,3,2,3,3,4,4,5,4,4,3,3,4,3,3,4,4,4,4,4,4,4,5,4,4,5,5,2,1,1,16,17,25,4,17,16,32,11,13,18,43
153,female,25-29,4,5,6,5,3,5,2,5,5,5,3,3,5,3,3,3,5,5,3,3,3,2,4,4,4,2,2,3,2,3,2,4,3,3,3,2,4,4,4,4,4,2,4,2,2,3,4,4,5,5,5,5,5,5,5,5,4,4,4,4,1,1,1,20,20,28,3,18,20,28,13,16,16,41
154,male,25-29,4,5,4,4,4,4,4,4,4,4,4,4,4,4,4,4,4,4,4,4,3,2,3,3,3,3,3,3,3,2,3,3,3,3,3,2,3,4,4,3,3,3,3,3,3,3,3,3,4,4,4,4,4,4,4,4,4,4,4,4,2,0,0,16,16,23,2,22,16,28,17,16,16,38
155,male,20-24,4,6,6,6,6,5,4,6,6,4,2,5,6,3,3,3,5,5,4,4,4,1,4,4,4,1,1,2,2,4,1,4,4,3,3,1,3,5,5,3,3,3,5,2,4,3,3,4,4,5,6,5,5,4,6,4,2,4,2,3,3,1,1,20,19,31,5,12,23,35,15,16,11,43
156,male,25-29,4,5,6,6,3,5,5,6,5,6,4,5,6,7,4,3,6,5,2,3,3,2,2,3,2,4,3,4,4,2,4,2,1,3,3,2,4,3,3,4,2,2,4,2,3,2,2,2,4,4,5,2,4,2,4,4,6,6,5,6,1,0,0,15,14,18,1,26,24,33,17,18,23,33
157,male,25-29,4,7,5,6,7,3,5,6,5,4,4,3,7,6,1,6,7,5,3,2,4,1,2,4,3,2,2,4,3,2,3,2,3,3,2,1,3,4,5,3,5,4,4,4,4,5,5,3,5,5,5,5,6,5,5,5,5,5,5,5,3,1,0,20,21,22,4,19,26,34,22,10,20,49
158,male,25-29,4,5,5,4,5,4,5,5,6,5,5,5,6,4,3,5,6,6,2,3,3,1,2,3,2,3,3,3,3,3,3,3,3,4,2,2,3,4,4,3,2,2,4,3,3,3,2,2,4,4,4,3,4,5,4,4,3,3,4,4,1,0,2,15,17,21,3,22,21,33,20,15,14,35
159,male,20-24,4,5,6,5,6,6,3,6,5,5,6,7,6,6,6,6,5,6,6,6,3,2,1,3,3,3,2,3,3,2,3,1,2,4,3,3,2,2,4,2,2,4,4,2,2,2,1,2,4,3,4,3,3,2,4,2,3,3,4,4,2,1,1,14,11,18,4,23,22,42,20,23,14,29
160,female,25-29,4,5,5,5,5,4,6,6,4,3,3,3,6,2,2,4,5,3,3,3,4,1,4,4,4,2,2,3,2,3,3,4,4,3,3,2,3,3,3,3,2,4,2,2,2,4,4,4,5,5,6,5,6,6,6,6,5,6,6,6,1,1,0,21,24,30,2,18,22,25,18,12,23,36
161,male,30-34,4,5,3,7,6,2,5,7,5,2,3,2,6,2,2,6,6,5,2,2,3,3,3,4,4,2,3,3,2,3,2,3,3,3,3,2,4,4,4,4,5,4,4,4,4,4,5,5,5,5,5,3,5,4,5,5,5,5,5,5,1,1,0,18,19,26,2,20,26,25,19,8,20,51
162,female,25-29,4,5,3,5,5,2,6,7,2,2,4,2,7,1,1,2,7,2,1,1,4,2,2,4,3,2,2,4,3,4,3,3,4,3,3,2,4,4,5,5,5,4,5,5,4,5,4,5,5,5,5,5,5,5,5,5,6,5,4,6,1,0,1,20,20,27,2,21,26,16,17,6,21,55
163,male,20-24,4,6,6,5,5,5,2,6,2,2,2,2,7,3,2,5,6,5,5,5,3,1,2,3,3,2,3,4,3,3,1,4,4,3,3,1,4,4,4,4,5,4,4,4,4,3,5,5,5,5,6,5,5,5,6,6,5,5,4,4,1,1,0,21,22,25,2,18,24,28,15,14,18,50
164,female,20-24,4,5,7,2,7,6,3,3,6,6,2,6,3,5,6,6,3,6,5,6,2,2,2,3,2,3,4,4,3,2,4,3,2,4,2,3,1,2,3,2,2,2,5,1,1,2,2,2,2,2,3,4,4,2,4,3,5,5,5,5,1,0,0,11,13,18,1,27,11,42,16,24,20,25
165,female,25-29,4,7,5,5,7,5,6,6,4,4,4,4,6,1,1,1,6,2,2,2,3,2,2,3,3,3,2,3,2,3,3,3,3,3,3,2,3,3,3,2,4,3,3,4,2,3,3,3,4,5,6,5,5,6,5,5,6,6,6,6,2,0,1,20,21,23,3,20,23,25,18,12,24,36
166,female,25-29,4,7,5,6,3,4,6,7,6,5,4,4,7,3,1,6,6,6,3,3,3,2,2,4,3,2,3,2,2,3,3,3,3,3,3,2,4,4,4,3,4,4,4,4,3,4,2,4,5,6,6,5,5,5,5,5,5,5,5,5,2,1,0,22,20,24,3,19,26,30,23,13,20,44
167,female,25-29,4,5,5,7,7,3,6,7,4,2,3,2,7,2,1,5,7,5,1,1,4,2,4,4,4,2,2,3,2,3,2,3,4,3,3,2,2,3,5,3,3,4,5,3,4,2,2,2,5,6,6,4,5,6,5,6,6,6,6,6,1,0,1,21,22,29,2,18,28,26,19,7,24,38
168,male,25-29,4,5,3,5,6,5,4,5,5,5,2,4,6,2,3,5,6,3,3,3,3,2,4,3,3,2,2,3,2,3,2,4,3,3,3,2,2,3,4,2,4,4,3,4,2,4,3,4,5,6,6,4,5,5,6,5,5,5,5,5,1,1,1,21,21,26,3,18,22,26,16,16,20,39
169,female,25-29,4,5,6,7,5,3,5,6,5,5,5,3,6,3,3,3,5,5,3,3,3,2,2,3,3,2,2,3,2,4,2,3,4,3,3,2,1,4,4,4,4,4,5,2,2,4,2,2,4,4,5,4,5,5,5,5,5,5,5,5,1,1,0,17,20,25,2,18,24,30,18,14,20,38
170,male,25-29,4,5,5,6,5,3,4,7,5,2,4,4,6,2,1,4,6,3,2,2,3,2,3,3,3,3,2,2,3,3,2,4,3,2,2,2,3,4,4,4,3,2,3,3,2,4,3,3,5,5,5,5,5,5,5,5,5,5,5,5,1,1,0,20,20,24,2,18,25,26,17,8,20,38
171,female,20-24,4,5,5,6,4,5,5,6,5,4,4,4,6,2,2,6,6,3,4,3,4,1,4,4,3,2,3,4,4,1,4,3,2,2,2,2,2,3,4,2,1,2,4,1,2,2,4,3,4,5,5,4,6,5,5,5,4,4,4,4,1,1,2,18,21,23,4,22,24,27,20,14,16,30
172,female,25-29,4,5,3,6,7,2,1,6,6,6,1,5,7,2,1,1,6,1,2,2,4,2,2,4,3,3,3,2,3,2,3,3,4,3,4,2,4,4,4,4,4,3,3,5,3,4,4,5,2,4,4,4,5,5,5,5,6,5,5,5,0,0,0,14,20,26,0,21,25,26,8,11,21,47
173,female,20-24,4,4,5,5,6,5,3,6,5,3,1,2,7,1,2,1,6,3,3,3,4,1,3,4,3,2,2,2,2,3,2,3,3,3,3,2,2,4,4,3,4,5,5,3,3,3,4,5,5,5,5,5,5,5,5,5,5,5,5,4,0,1,1,20,20,26,2,16,24,25,9,13,19,45
174,female,20-24,4,6,5,6,5,5,6,5,6,3,5,2,6,1,2,6,5,2,2,1,4,1,2,3,3,2,2,4,2,3,3,4,4,3,3,1,4,4,4,4,3,3,5,2,3,2,3,4,5,5,5,4,6,6,5,5,5,5,5,5,2,1,0,19,22,26,3,18,22,23,23,11,20,41
175,female,25-29,4,6,6,5,7,5,3,5,7,6,3,3,5,2,3,3,5,7,5,5,3,2,3,4,3,3,4,4,4,2,4,2,3,4,2,2,1,4,4,2,2,5,4,4,2,3,2,4,5,4,6,3,5,5,5,5,6,6,6,6,1,1,0,18,20,22,2,27,20,37,15,19,24,37
176,female,20-24,4,6,5,5,4,5,5,5,3,5,3,5,5,5,5,4,4,5,3,5,3,2,2,3,3,3,3,3,2,3,3,3,2,3,3,2,1,3,4,2,3,3,4,2,1,3,2,3,4,4,4,4,4,5,5,5,5,4,4,4,0,1,1,16,19,22,2,21,19,30,18,20,17,31
177,female,25-29,4,5,5,6,7,3,4,6,7,3,3,4,7,2,2,2,6,5,3,2,4,2,4,4,3,2,2,4,2,3,3,3,3,3,3,1,2,3,4,4,4,4,4,3,2,4,4,4,5,6,5,4,5,6,6,5,5,4,5,5,1,0,1,20,22,27,2,19,25,33,14,10,19,42
178,female,20-24,4,5,5,4,6,5,4,4,6,4,3,2,6,2,3,1,5,7,5,4,3,2,3,3,3,3,3,4,3,3,3,4,3,3,3,2,2,2,4,2,2,3,4,2,2,3,2,2,4,4,4,4,4,4,4,5,5,5,4,4,2,0,0,16,17,25,2,23,19,33,13,16,18,30
179,male,25-29,4,4,5,5,6,4,4,5,6,5,3,4,5,4,3,3,5,5,4,3,3,2,2,3,3,3,3,3,3,3,3,3,3,3,3,2,2,4,4,2,4,2,3,3,2,3,3,2,4,5,5,4,4,4,4,4,4,3,4,4,1,1,1,18,16,23,3,22,20,34,14,15,15,34
180,female,25-29,4,6,3,5,5,5,3,5,1,4,3,3,7,2,2,5,5,3,5,4,3,2,2,3,3,2,2,2,2,3,2,3,3,3,3,2,3,3,5,3,4,4,5,2,4,3,3,4,4,5,5,2,5,5,5,5,4,4,4,4,1,1,1,16,20,23,3,17,22,22,17,15,16,43
181,female,25-29,4,6,7,6,7,5,4,7,6,5,4,3,7,2,2,5,6,6,3,4,4,2,4,4,4,2,2,3,3,3,2,2,3,3,3,2,2,3,4,3,5,4,4,2,2,4,3,4,4,5,6,4,5,5,5,5,4,4,4,4,2,1,1,19,20,27,4,19,26,34,19,16,16,40
182,female,25-29,4,6,5,7,5,2,5,7,5,5,3,3,7,3,1,3,5,5,3,5,3,2,4,3,3,2,3,3,2,4,3,4,4,2,3,2,4,3,4,3,5,4,4,4,5,2,3,4,5,5,5,5,5,5,5,5,5,5,6,6,1,0,0,20,20,28,1,19,26,29,17,13,22,45
183,male,25-29,4,5,5,6,6,3,4,6,7,3,3,2,7,3,2,5,6,5,2,3,4,1,2,3,3,2,2,3,2,3,2,4,3,3,3,1,4,3,4,4,2,4,5,2,3,2,2,4,3,6,6,4,6,6,6,4,6,6,5,5,2,1,1,19,22,25,4,16,25,30,17,11,22,39
184,female,25-29,4,5,5,7,7,5,7,7,6,3,3,3,7,5,3,5,7,6,3,5,4,1,4,4,4,1,3,4,3,3,3,2,3,3,3,2,2,3,4,2,4,3,4,2,2,4,2,2,5,5,5,5,6,5,5,5,5,5,5,6,1,1,0,20,21,27,2,20,28,35,20,16,21,34
185,female,25-29,4,7,6,3,1,6,3,5,6,5,5,5,5,3,5,3,6,5,4,6,4,2,3,4,3,2,3,3,3,3,3,3,3,3,3,2,1,4,3,2,2,3,3,2,2,2,2,3,4,5,5,5,5,5,4,5,6,6,5,5,1,1,0,19,19,26,2,21,19,30,18,22,22,29
186,male,20-24,4,5,5,7,6,4,3,6,5,3,2,2,7,2,2,2,6,5,2,2,3,2,2,3,3,2,1,3,2,3,2,3,3,3,3,2,2,4,4,3,3,4,5,2,4,4,4,4,5,6,5,5,6,5,5,5,5,5,5,5,2,2,1,21,21,23,5,17,26,27,12,11,20,43
187,male,20-24,4,6,7,5,5,4,6,6,4,4,6,3,5,2,4,5,6,5,4,4,4,2,2,3,3,2,2,3,3,3,2,3,3,2,2,2,2,4,4,3,3,4,5,3,2,3,3,4,4,5,5,4,5,5,5,6,4,4,4,4,0,0,2,18,21,23,2,18,22,30,23,16,16,40
188,male,20-24,4,4,4,6,6,2,4,6,3,2,1,2,5,1,2,1,6,2,1,2,3,1,1,3,3,3,4,4,3,1,4,1,2,4,1,1,4,5,5,3,3,2,5,1,2,4,2,3,4,5,5,4,5,5,5,5,5,5,6,6,3,3,1,18,20,15,7,24,23,19,10,8,22,39
189,male,25-29,4,5,5,6,3,5,5,6,2,5,2,5,5,3,5,5,6,5,3,5,3,2,1,3,2,2,2,2,3,3,2,3,3,2,2,2,4,3,4,4,3,3,4,5,4,2,4,4,4,4,5,5,5,5,4,5,3,4,4,4,2,2,1,18,19,20,5,17,23,26,17,20,15,44
190,female,25-29,4,4,5,5,3,4,4,6,2,3,3,3,6,4,3,2,6,4,3,3,3,2,4,3,2,3,3,3,2,3,3,3,3,3,2,2,2,3,4,3,3,3,5,2,2,4,2,3,4,5,5,4,5,4,4,4,5,5,5,5,0,1,1,18,17,23,2,21,23,24,13,13,20,36
191,female,20-24,4,7,2,6,4,3,6,6,6,2,7,2,7,1,2,6,7,1,2,1,4,3,3,4,4,1,3,3,1,4,3,4,4,1,3,2,2,1,4,4,1,3,2,4,2,4,1,1,5,6,6,4,6,6,6,6,6,6,5,6,2,0,0,21,24,30,2,17,26,18,26,8,23,29
192,male,20-24,4,6,6,4,5,5,6,5,5,6,6,5,5,4,5,5,5,6,5,5,4,2,2,3,2,2,2,3,2,3,2,3,3,3,2,2,2,2,2,1,3,2,4,2,2,3,2,2,5,5,5,4,4,4,5,5,5,5,5,5,2,2,2,19,18,22,6,18,19,36,23,21,20,27
193,male,25-29,4,5,5,5,6,2,5,6,2,1,3,3,6,3,1,1,6,3,2,1,4,1,2,4,3,3,2,2,2,3,2,4,2,3,3,1,3,3,4,4,4,5,4,3,4,4,4,4,5,5,5,4,6,5,5,5,6,6,6,6,1,0,2,19,21,25,3,16,23,24,14,5,24,46
194,male,25-29,4,6,5,4,5,4,5,5,3,5,4,3,5,3,2,5,6,2,4,4,3,2,2,3,3,2,3,2,2,2,2,2,3,3,2,2,2,4,3,5,4,4,5,3,4,3,3,2,3,2,4,3,5,5,5,5,5,5,5,5,1,1,1,12,20,20,3,18,20,25,20,15,20,42
195,female,30-34,4,7,7,6,7,5,7,6,6,5,7,3,7,5,2,6,6,7,3,5,3,2,4,4,3,2,3,4,3,3,3,3,3,3,3,2,1,2,3,2,1,2,2,1,1,2,1,1,5,5,6,3,5,4,5,4,3,3,2,3,1,1,0,19,18,26,2,22,25,38,27,17,11,19
196,female,30-34,4,5,7,4,5,6,5,7,4,5,3,3,7,3,2,5,7,6,1,2,3,2,4,3,3,1,3,2,2,3,3,3,3,3,3,2,4,4,4,2,2,4,4,4,5,2,2,4,2,5,4,4,4,5,4,4,4,3,4,4,1,0,1,15,17,25,2,18,25,29,18,15,15,41
197,female,25-29,4,4,5,7,7,1,4,1,6,2,1,3,7,1,1,5,7,5,1,1,4,1,4,4,4,1,2,2,2,4,2,4,4,2,4,2,4,3,5,2,2,4,4,3,4,4,3,3,4,5,5,5,5,5,5,5,5,5,5,5,2,1,1,19,20,32,4,14,22,28,14,5,20,41
198,female,20-24,4,5,5,6,2,2,3,6,1,2,3,1,7,1,1,1,6,2,1,1,4,1,3,3,3,2,2,3,3,3,3,4,3,3,3,2,3,3,4,3,2,2,4,3,2,2,2,2,6,6,6,5,6,5,5,5,6,6,6,6,3,1,1,23,21,26,5,19,25,13,12,6,24,32
199,male,25-29,4,5,5,5,5,5,3,5,5,4,4,2,6,2,3,3,5,2,3,5,4,2,2,3,3,2,2,2,2,3,2,4,4,3,4,2,4,4,5,4,4,4,4,5,4,4,3,4,6,5,6,4,5,5,5,5,6,4,5,6,1,1,1,21,20,27,3,17,21,24,15,17,21,49
200,female,20-24,4,4,5,7,5,2,4,7,5,3,3,2,7,2,1,4,7,5,2,2,4,1,3,4,4,1,2,2,2,3,2,4,4,3,3,2,2,4,4,4,4,3,3,4,3,4,4,4,5,5,5,4,6,5,5,5,5,5,5,5,1,1,1,19,21,29,3,15,28,26,15,8,20,43
